Identifier,Has Disorder,Crystal different to Crystallographer Drawing (including Hydrogens),Crystal different to Crystallographer Drawing (excluding Hydrogens),Is Total Charge 0,Is Total Multiplicity 1
ABALIZ,True,True,True,True,True
ABEXOX,False,True,True,True,True
ABIBEW,False,True,True,True,True
ABIBIA,False,False,False,True,True
ABIBOG,True,False,False,True,True
ABICAT,True,True,True,True,True
ABICEX,False,False,False,True,True
ABIGIB,False,True,True,True,True
ABIQEL,False,True,True,True,True
ABIVOA,False,True,True,True,True
ABIVUG,True,True,True,True,True
ABURAS,True,True,True,False,True
ABUROG,False,True,True,True,True
ABUSAT,True,True,True,True,True
ABUSEZ,True,True,True,True,True
ACAVAE,True,True,True,True,True
ACEBOC,True,True,True,True,True
ACEGEU,True,True,True,True,True
ACOFUV,False,True,True,True,True
ACOGAC,False,True,True,True,True
ACOGEG,False,True,True,True,True
ACOGIK,False,False,False,True,True
ACOGOQ,False,False,False,True,True
ACOGUW,False,False,False,True,True
ACOTUI,False,True,True,True,True
ACUKER,False,True,True,True,True
ACUKIV,False,True,True,True,True
ACUWAZ,False,True,True,True,True
ADAFES,True,True,True,True,True
ADAFIW,True,True,True,True,True
ADAGAQ,False,True,True,True,True
ADAHEV,False,True,True,True,True
ADAMAW,False,False,False,True,True
ADAQEE,False,True,True,True,True
ADEBAP,True,True,True,True,True
ADIKOP,False,True,True,True,True
ADIMUV,False,True,True,True,True
ADITUD,False,True,True,True,True
ADIXIW,True,True,True,True,True
ADUCUA,True,True,True,True,True
AFADUG,False,True,True,True,True
AFEQAE,True,True,True,True,True
AFEVOZ,True,True,True,True,True
AFEWAM,False,True,True,True,True
AFEWUG,False,True,True,True,True
AFEXAM,False,True,True,True,True
AFIJUV,False,True,True,True,True
AFOHOV,True,True,True,True,True
AFOHUB,False,True,True,True,True
AFOMOX,False,True,True,True,True
AFUZEJ,True,True,True,True,True
AFUZIN,True,True,True,True,True
AGABUI,False,True,True,True,True
AGATOT,False,True,True,True,True
AGENIL,False,True,True,True,True
AGENOR,False,True,True,True,True
AGESIQ,True,True,True,True,True
AGESUC,True,True,True,True,True
AGETAJ,True,True,True,True,True
AGETEN,True,True,True,True,True
AGINAH,True,True,True,True,True
AGINAI,False,True,True,True,True
AGINEL,False,True,True,True,True
AGINEM,True,True,True,True,True
AGINIQ,False,True,True,True,True
AGINOW,False,True,True,True,True
AGINUC,False,True,True,True,True
AGIYEX,False,True,True,True,True
AGIYIB,False,True,True,True,True
AGIYOH,False,True,True,True,True
AGONOA,False,True,True,True,True
AGOQOF,True,True,True,True,True
AGOQUL,True,True,True,True,True
AGUBIQ,False,True,True,True,True
AGUBIQ01,True,True,True,True,True
AHAQOS,False,True,True,True,True
AHAYAL,True,True,True,True,True
AHEFEB,False,True,True,True,True
AHEHUT,True,True,True,True,True
AHOFAH,False,False,False,True,True
AHOFAH01,False,False,False,True,True
AJEGOM,False,True,True,True,True
AJEHIH,False,True,True,True,True
AJETOB,False,True,True,True,True
AJETOB01,False,True,True,True,True
AJETOB03,False,True,True,True,True
AJETOB04,False,True,True,True,True
AJETOB05,False,True,True,True,True
AJETOB06,False,True,True,True,True
AJETUH,False,False,False,True,True
AJOXEF,True,True,True,True,True
AJOXIJ,True,True,True,True,True
AJUCAK,True,True,True,True,True
AJUMIC,False,False,False,True,True
AJUMOI,False,False,False,True,True
AKEJOR,True,True,True,True,True
AKERAK,False,True,True,True,True
AKIGAE,False,False,False,True,True
AKIGAE01,False,False,False,True,True
AKIGEI,True,True,True,True,True
AKIGEI01,True,True,True,True,True
AKIGIM,True,True,True,True,True
AKIVIB,True,True,True,True,True
AKIVOH,True,True,True,True,True
AKUCIU,True,True,True,True,True
AKUCUH,False,True,True,True,True
AKUKEZ,False,True,True,True,True
AKUSEG,False,True,True,True,True
AKUSIK,False,True,True,True,True
ALEDUR,True,True,True,True,True
ALILUF,True,False,False,True,True
ALIMAM,False,False,False,True,True
ALORIF,False,True,True,True,True
ALOROL,False,True,True,True,True
AMEJIO,True,False,False,True,True
AMEJUA,True,True,True,True,True
AMEKAH,True,False,False,True,True
AMESAP,False,True,True,True,True
AMESET,False,True,True,True,True
AMOXEG,False,True,True,True,True
AMUTOU,False,True,True,True,True
AMUTUA,False,True,True,True,True
ANAZIA,False,True,True,True,True
ANAZUM,False,True,True,True,True
ANBSTK,False,True,True,True,True
ANCTNB,False,True,True,True,True
ANCTNB01,False,True,True,True,True
ANEDEE,True,True,True,True,True
ANEROC,True,True,True,True,True
ANERUI,False,False,False,True,True
ANEWUM,False,True,True,True,True
ANIZON,False,True,True,True,True
ANIZUT,False,True,True,True,True
ANOBAH,False,True,True,True,True
ANOBEL,False,True,True,True,True
ANOBIP,False,True,True,True,True
ANOBOV,False,True,True,True,True
ANOCIQ,True,True,True,True,True
ANOCOW,True,True,True,True,True
ANOCOW01,False,True,True,True,True
ANOCUC,True,True,True,True,True
ANONAV,True,True,True,True,True
ANONEZ,True,True,True,True,True
ANONID,True,True,True,True,True
ANPHXN,False,True,True,True,True
ANPRNA,True,True,True,True,True
ANTCEN,False,True,True,True,True
ANTCEN01,False,True,True,True,True
ANTCEN02,False,True,True,True,True
ANTCEN04,False,True,True,True,True
ANTCEN07,False,True,True,True,True
ANTCEN08,False,True,True,True,True
ANTCEN09,False,True,True,True,True
ANTCEN10,False,True,True,True,True
ANTCEN11,False,True,True,True,True
ANTCEN12,False,True,True,True,True
ANTCEN13,False,True,True,True,True
ANTCEN14,False,True,True,True,True
ANTCEN15,False,True,True,True,True
ANTCEN16,False,True,True,True,True
ANTCEN17,False,True,True,True,True
ANTCEN19,False,True,True,True,True
ANTCEN20,False,True,True,True,True
ANTCEN21,False,True,True,True,True
ANTCEN22,False,True,True,True,True
ANTCEN23,False,True,True,True,True
ANTCEN24,False,True,True,True,True
ANTCYB,False,True,True,True,True
ANTCYB08,True,True,True,True,True
ANTCYB09,True,True,True,True,True
ANTCYB10,True,True,True,True,True
ANTCYB11,False,True,True,True,True
ANTCYB12,False,True,True,True,True
ANTCYB13,False,True,True,True,True
ANTCYB14,False,True,True,True,True
ANTCYB15,False,True,True,True,True
ANTCYB16,False,True,True,True,True
ANTCYB17,True,True,True,True,True
ANTCYB18,True,True,True,True,True
ANTHAL,False,True,True,True,True
ANTHAL01,False,True,True,True,True
ANTHAL02,False,True,True,True,True
ANTHQB,False,False,False,True,True
ANTMEU,False,True,True,True,True
ANTMEU01,False,True,True,True,True
ANTMEU03,False,True,True,True,True
ANTMEU04,False,True,True,True,True
ANTMEU05,False,True,True,True,True
ANTPIC,False,True,True,True,True
ANTPML,False,False,False,True,True
ANTPML01,False,False,False,True,True
ANTSTK,False,True,True,True,True
ANUBUJ,True,True,True,True,True
APADIF,True,True,True,True,True
APAYIC,False,True,True,True,True
APAYOI,False,True,True,True,True
APEHIO,False,True,True,True,True
APIQOH,True,True,True,False,True
APOVUX,False,True,True,True,True
APOWIM,False,True,True,True,True
APOWOS,False,True,True,True,True
APUDEV,False,True,True,True,True
APUDEV01,False,True,True,True,True
APUKAA,False,False,False,True,True
APUKII,False,False,False,True,True
APUKOO,False,True,True,True,True
APUNEG,False,True,True,True,True
AQAXIB,True,True,True,True,True
AQAXOH,True,True,True,True,True
AQEDEH,False,True,True,True,True
AQEDIL,True,True,True,True,True
AQEDOR,True,True,True,True,True
AQEQOF,False,True,True,True,True
AQEQUL,False,True,True,True,True
AQETUN,True,True,True,True,True
AQEVAV,True,True,True,True,True
AQEVEZ,True,True,True,False,True
AQEVID,True,True,True,True,True
AQEVOJ,True,True,True,True,True
AQIBOT,True,False,False,True,True
AQOQIH,False,True,True,True,True
AQOSEF,False,True,True,True,True
AQOSIJ,False,True,True,True,True
AQOSIJ01,False,True,True,True,True
ARACAA,True,False,False,True,True
ARAGIK,False,True,True,True,True
ARANEP,False,True,True,True,True
AREXAZ,True,True,True,True,True
ARIDIP,False,True,True,True,True
ARIRAX,False,True,True,True,True
ARIWOP,False,True,True,True,True
ARIWUV,False,True,True,True,True
ARIXAC,False,False,False,True,True
ARIXEG,False,True,True,True,True
AROCES,False,True,True,True,True
AROCES01,False,True,True,True,True
AROCIW,False,True,True,True,True
ARORAC,True,False,False,True,True
AROROQ,True,True,True,True,True
ARUDOI,True,True,True,True,True
ARUGAX,True,True,True,True,True
ARUGEB,False,True,True,True,True
ARUJOP,True,True,True,True,True
ARUJUV,True,True,True,True,True
ARUZOF,False,True,True,True,True
ASAHEK,False,True,True,True,True
ASAZUS,False,True,True,True,True
ASEPUJ,False,True,True,True,True
ASEVAW,True,True,True,True,True
ASEVEA,False,True,True,True,True
ASEVIE,True,True,True,True,True
ASIKAP,True,True,True,True,True
ASILET,False,True,True,True,True
ASILIX,False,True,True,True,True
ASILOD,True,True,True,True,True
ASILUJ,True,True,True,True,True
ASITOM,True,True,True,True,True
ASITUS,True,True,True,True,True
ASODIY,True,True,True,True,True
ASUTAM,True,True,True,True,True
ASUTEQ,False,True,True,True,True
ASUVAO,False,True,True,True,True
ASUVES,True,True,True,True,True
ASUVIW,False,True,True,True,True
ASUVOC,True,True,True,True,True
ASUVUI,False,True,True,True,True
ASUWET,False,True,True,True,True
ASUWIX,True,True,True,True,True
ASUWOD,False,True,True,True,True
ASUWUJ,False,True,True,True,True
ASUXAQ,True,True,True,True,True
ASUXEU,False,True,True,True,True
ASUXIY,False,True,True,True,True
ASUXOE,False,True,True,True,True
ASUXUK,False,True,True,True,True
ASUYIZ,False,True,True,True,True
ASUYOF,False,True,True,True,True
ASUYUL,False,True,True,True,True
ASUZAS,False,True,True,True,True
ASUZEW,False,True,True,True,True
ATARUI,False,True,True,True,True
ATARUI01,False,True,True,True,True
ATARUI02,False,True,True,True,True
ATEHUC01,False,True,True,True,True
ATELER,False,True,True,True,True
ATELIV,True,True,True,True,True
ATILAT,False,True,True,True,True
ATIXOQ,False,True,True,True,True
ATOKIG,False,True,True,True,True
ATOLON,True,True,True,True,True
ATOMED,False,False,False,True,True
ATOWIR,True,True,True,True,True
ATOWUD,False,True,True,True,True
ATUFUS,True,True,True,True,True
ATULEH,False,True,True,True,True
AVIBEN,False,True,True,True,True
AVUNUB,False,True,True,True,True
AVUWOG,False,True,True,True,True
AWASUM,True,True,True,True,True
AWASUM01,True,True,True,True,True
AWEYEH,True,True,True,True,True
AWIGOF,True,True,True,True,True
AWIGUL,False,False,False,True,True
AWIPOO,False,True,True,True,True
AWIZOX,True,True,True,True,True
AWUGUX,False,True,True,True,True
AWUHAE,False,True,True,True,True
AWUHEI,False,True,True,True,True
AWUPIU,False,True,True,True,True
AWUPIU01,False,True,True,True,True
AWUQEQ,False,False,False,True,True
AWUWAS,True,True,True,True,True
AWUWEW,False,True,True,True,True
AWUWIA,True,True,True,True,True
AWUWOG,True,True,True,True,True
AWUZOI,True,True,True,True,True
AXANAP,True,True,True,True,True
AXEQOM,False,True,True,True,True
AXIDER,False,True,True,True,True
AXODAS,False,True,True,True,True
AXODAS01,False,True,True,True,True
AXOMEG,False,True,True,True,True
AXOMIK,False,True,True,True,True
AXOMOQ,False,True,True,True,True
AXOROX,False,True,True,True,True
AXORUD,False,True,True,True,True
AXOSAK,False,True,True,True,True
AYARAW,True,False,False,True,True
AYAREA,False,False,False,True,True
AYESOO,True,True,True,True,True
AYIMUQ,False,True,True,True,True
AYINEE,True,True,True,True,True
AYOCIA,False,True,True,True,True
AYOTEO,False,True,True,True,True
AYUHUA,False,True,True,True,True
AYUJAI,True,True,True,True,True
AYUJEM,True,True,True,True,True
AZIVIQ,True,True,True,True,True
AZIVOW,False,True,True,True,True
AZIVUC,True,False,False,True,True
AZIWAJ,False,True,True,True,True
AZORUD,False,True,True,True,True
AZOXOF,False,True,True,True,True
AZOYIY,False,True,True,True,True
BABBAL,False,False,False,True,True
BABCEQ,False,True,True,True,True
BABHUK,True,True,True,True,True
BACHIZ,True,True,True,True,True
BACHOF,True,True,True,True,True
BACROQ,False,True,True,True,True
BACXOS01,False,True,True,True,True
BADFOB10,False,True,True,True,True
BAGKOM,True,True,True,True,True
BAGLON,False,False,False,True,True
BAJSIP,False,True,True,True,True
BALBUL,True,True,True,True,True
BALCAS,False,True,True,True,True
BALCEW,False,True,True,True,True
BALFIF,False,True,True,True,True
BALHON,False,True,True,True,True
BALHUT,False,True,True,True,True
BALLOT,True,True,True,True,True
BALNIP,True,True,True,True,True
BALVOA,False,True,True,True,True
BAMBUO,True,True,True,True,True
BAMCAV,False,True,True,True,True
BANCOJ,False,True,True,True,True
BAPTIZ,False,True,True,True,True
BAQNOX,False,True,True,True,True
BARVUP,False,True,True,True,True
BARWAW,False,True,True,True,True
BARWEA,False,True,True,True,True
BARWEA01,False,True,True,True,True
BARWEA02,False,True,True,True,True
BARWOK,False,True,True,True,True
BARWUQ,False,True,True,True,True
BARXAX,False,True,True,True,True
BARXEB,True,True,True,True,True
BARXIF,False,True,True,True,True
BARXOL,True,True,True,True,True
BARXOL01,False,True,True,True,True
BARXUR,True,True,True,True,True
BARYAY,True,True,True,True,True
BARYEC,False,True,True,True,True
BARYIG,True,True,True,True,True
BARYOM,True,True,True,True,True
BARYUS,True,True,True,True,True
BATLIS,False,True,True,True,True
BATPOF,False,True,True,True,True
BATPUL,False,True,True,True,True
BATQAS,False,True,True,True,True
BATQEW,False,True,True,True,True
BAVDEJ,False,True,True,True,True
BAVVIG,True,True,True,True,True
BAVZOO,True,True,True,True,True
BAWBIL,True,True,True,True,True
BAXBIP,True,True,True,True,True
BAXBOV,True,True,True,True,True
BAXCEL,True,True,True,True,True
BAXHEO,False,True,True,True,True
BAXZOT,False,True,True,True,True
BAXZUZ,False,True,True,True,True
BAYBAI,False,True,True,True,True
BAYBEM,True,True,True,True,True
BAYBIQ,False,True,True,True,True
BAYBOW,False,False,False,True,True
BAYBUC,False,False,False,True,True
BAZCAK,False,True,True,True,True
BAZCEO,True,True,True,True,True
BAZCIS,True,True,True,True,True
BBZANT,False,True,True,True,True
BEANTR,False,True,True,True,True
BEBCOD,False,True,True,True,True
BEBNUV,True,True,True,True,True
BEBPAD,True,True,True,True,True
BEBPEH,True,True,True,True,True
BEBWIS,False,True,True,True,True
BECXIU,False,True,True,True,True
BEDBUK,False,True,True,True,True
BEDQEK,False,True,True,True,True
BEDQEK01,False,True,True,True,True
BEDREL,False,True,True,True,True
BEDXIR,False,True,True,True,True
BEDXOX,False,True,True,True,True
BEDYOA,True,True,True,True,True
BEDYUG,False,True,True,True,True
BEFTAH,False,True,True,True,True
BEFXAN,False,True,True,True,True
BEGJAA,True,True,True,True,True
BEGJEE,False,True,True,True,True
BEHRUD,True,True,True,True,True
BEHZOF,False,True,True,True,True
BEHZOF01,False,True,True,True,True
BEHZOF02,True,True,True,True,True
BELZIC,False,False,False,True,True
BELZOI,False,True,True,True,True
BELZOI01,False,True,True,True,True
BENANT,False,True,True,True,True
BENANT01,False,True,True,True,True
BENANT02,False,True,True,True,True
BENANT03,False,True,True,True,True
BENLUD,False,True,True,True,True
BENMAK,False,False,False,True,True
BEPSEW,False,True,True,True,True
BEPSOG,True,True,True,False,True
BEQYIG,False,True,True,True,True
BERCAD,False,True,True,True,True
BERCAD01,False,True,True,True,True
BERCEH,False,True,True,True,True
BERJAL,False,False,False,True,True
BESPEX,False,True,True,True,True
BESSEZ,False,True,True,True,True
BESSID,False,True,True,True,True
BESSOJ,False,True,True,True,True
BESSOJ01,False,True,True,True,True
BETBEI,False,True,True,True,True
BEVGOA,False,False,False,True,True
BEXYIO,False,True,True,True,True
BEXYOU,False,True,True,True,True
BEZGOE,False,True,True,True,True
BEZGOE01,False,True,True,True,True
BEZHAR,False,True,True,True,True
BEZHEV,False,True,True,True,True
BEZHIZ,False,True,True,True,True
BEZHIZ01,False,True,True,True,True
BEZHUL,False,True,True,True,True
BEZHUL01,False,True,True,True,True
BEZLUO,False,True,True,True,True
BIBDIB,False,True,True,True,True
BIBDIB01,False,True,True,True,True
BIBLIJ,False,True,True,True,True
BICNOT,False,True,True,True,True
BICTAJ,False,True,True,True,True
BIDRAH10,False,True,True,True,True
BIFGAA,False,True,True,True,True
BIFPUE,True,True,True,True,True
BIFQAL,True,True,True,True,True
BIFQEP,True,True,True,True,True
BIGJUX,False,True,True,True,True
BIHJAF,False,True,True,True,True
BIHLOV,False,True,True,True,True
BIHNIR,True,True,True,False,True
BIJNUG,True,True,True,True,True
BIJPIW,False,True,True,True,True
BIKQAO,False,True,True,True,True
BILQIZ,True,True,True,True,True
BILWEZ,False,True,True,True,True
BILXAY,False,True,True,True,True
BILXEC,False,True,True,True,True
BIMDUX,False,True,True,True,True
BINCIN,True,True,True,True,True
BINHIR,True,True,True,True,True
BINHOX,True,True,True,True,True
BINJAL,True,True,True,True,True
BIRNAU,False,True,True,True,True
BIRTEE,True,False,False,True,True
BIRTOO,False,True,True,True,True
BISYAG,False,True,True,True,True
BISYEK,False,True,True,True,True
BISYIO,True,True,True,True,True
BISYOU,True,True,True,True,True
BISYUA,True,True,True,True,True
BISZAH,False,True,True,True,True
BITBIR,False,False,False,True,True
BITBOX,False,False,False,True,True
BIWCUI,False,True,True,True,True
BIWDAP,True,True,True,True,True
BIXGOF,False,True,True,True,True
BIXGUL,False,True,True,True,True
BIXHAS,False,True,True,True,True
BIXHEW,False,True,True,True,True
BIXHIA,False,True,True,True,True
BIYHAV,False,True,True,True,True
BIYHAV01,False,True,True,True,True
BIYNAY,False,True,True,True,True
BIZQAF,False,True,True,True,True
BIZQEI,True,True,True,True,True
BIZQEI01,True,True,True,True,True
BIZQEJ,False,True,True,True,True
BIZQIN,False,True,True,True,True
BIZQOT,False,True,True,True,True
BIZQUZ,False,True,True,True,True
BNPERY,False,True,True,True,True
BNPERY01,False,True,True,True,True
BNPERY02,False,True,True,True,True
BNPERY03,False,True,True,True,True
BNPYRE10,False,True,True,True,True
BNPYRE11,False,True,True,True,True
BNPYRE12,False,True,True,True,True
BOBJIO,False,True,True,True,True
BOBNOW,False,True,True,True,True
BOCGIM,False,True,True,True,True
BOCGOS,True,True,True,True,True
BOFGEK,False,True,True,True,True
BOFJUD,False,True,True,True,True
BOHMAP,True,True,True,True,True
BOHMET,False,True,True,True,True
BOHMOD,True,True,True,True,True
BOJYEH,True,True,True,True,True
BOKDUD,True,True,True,True,True
BOKTON,False,True,True,True,True
BOLKOF,False,True,True,True,True
BOMMOI,True,False,False,True,True
BOMXAE,True,False,False,True,True
BONJIA,True,True,True,True,True
BOPRAZ,False,True,True,True,True
BOPTOR,False,True,True,True,True
BOPYOX,True,True,True,True,True
BOPYUD,False,False,False,True,True
BORZUG,False,True,True,True,True
BOSXUC,False,True,True,True,True
BOWBAS,False,True,True,True,True
BOWBEW,False,False,False,True,True
BOWBIA,False,True,True,True,True
BOWBOG,False,True,True,True,True
BOWCIB,False,True,True,True,True
BOWCIB01,False,True,True,True,True
BOWCOH,False,True,True,True,True
BOWCUN,False,True,True,True,True
BOWDAU,False,True,True,True,True
BOWDEY,False,True,True,True,True
BOWPEJ,False,True,True,True,True
BOWTAK,False,False,False,True,True
BOXGAW,False,True,True,True,True
BOXGAW01,False,True,True,True,True
BOYCOK,True,True,True,True,True
BRMANC,True,True,True,True,True
BRMANC01,True,True,True,True,True
BRMANC04,True,True,True,True,True
BRPHAN,False,True,True,True,True
BUBCIM,False,True,True,True,True
BUBQEV,False,True,True,True,True
BUCZEG,False,True,True,True,True
BUCZUW,False,True,True,True,True
BUDBAF,False,True,True,True,True
BUFHOA,False,True,True,True,True
BUGNID,False,True,True,True,True
BUHWAD,False,True,True,True,True
BUHWEH,True,True,True,True,True
BUKCUH,True,True,True,True,True
BUKDAO,True,True,True,True,True
BUKDES,False,True,True,True,True
BUKDIW,False,True,True,True,True
BULGIB,False,True,True,True,True
BULGOH,False,True,True,True,True
BUNCEV,False,True,True,True,True
BUNCIZ,True,False,False,True,True
BUNDAS,True,True,True,True,True
BUNDEW,True,True,True,True,True
BUQNUZ,False,True,True,True,True
BUQPAH,True,True,True,True,True
BURKAD,False,True,True,True,True
BURUBC,False,True,True,True,True
BUTNAH,True,True,True,True,True
BUXGIM,True,True,True,True,True
BUYZAY,False,True,True,True,True
BUYZUT,True,True,True,True,True
BUZBAZ,True,True,True,True,True
BUZBAZ01,True,True,True,True,True
BZANTC10,False,True,True,True,True
BZAPMA10,False,True,True,True,True
BZAPRM10,False,True,True,True,True
BZATNB20,False,True,True,True,True
CABGAO,False,True,True,True,True
CABGES,False,True,True,True,True
CABGIW,False,True,True,True,True
CABGUI,False,True,True,True,True
CABHAS,False,True,True,True,True
CABHAS01,False,True,True,True,True
CADCOB,False,True,True,True,True
CADCUH,False,True,True,True,True
CADMIE,False,True,True,True,True
CADMOK,False,False,False,True,True
CADMOK01,False,True,True,True,True
CADMUQ,False,True,True,True,True
CADNAX,True,True,True,True,True
CAFFIC,False,True,True,True,True
CAFTEL,False,True,True,True,True
CAFTIP,False,True,True,True,True
CAFWAH,False,False,False,True,True
CAGRIN,True,False,False,True,True
CAHKII,True,True,True,True,True
CAMHAD,True,True,True,True,True
CAMHEH,True,True,True,True,True
CAMHIL,True,True,True,True,True
CAMHOR,True,True,True,True,True
CAMJAF,True,True,True,True,True
CAMJEJ,True,True,True,True,True
CAMJIN,True,True,True,True,True
CAMJOT,True,True,True,True,True
CAMKAG,False,True,True,True,True
CAMKEK,True,True,True,True,True
CAMQOZ,False,True,True,True,True
CAMWAQ,False,False,False,True,True
CAMWAQ01,False,False,False,True,True
CAMWAQ02,False,False,False,True,True
CAMWAQ03,False,False,False,True,True
CAMWAQ04,False,False,False,True,True
CAMWAQ05,False,False,False,True,True
CANLEM,False,False,False,True,True
CANWAR,False,True,True,True,True
CAPBAY,False,True,True,True,True
CAPBEC,True,True,True,True,True
CARBIJ,False,True,True,True,True
CARBIJ01,False,True,True,True,True
CARREU,False,True,True,True,True
CARXAX,False,True,True,True,True
CASMIT,False,True,True,True,True
CAXHIS,False,True,True,True,True
CAXHIS01,False,True,True,True,True
CAXHOC,True,True,True,True,True
CAXJAQ,False,True,True,True,True
CBZANT20,False,True,True,True,True
CEBJOL,False,True,True,True,True
CEBJUR,False,True,True,True,True
CEDFUN,False,True,True,True,True
CEDXOB,False,True,True,True,True
CEJLOT,False,True,True,True,True
CEJLUZ,False,True,True,True,True
CEJMAG,False,True,True,True,True
CEJMEK,False,True,True,True,True
CEJMIO,False,True,True,True,True
CEJMOU,False,True,True,True,True
CEKGAB,False,True,True,True,True
CEKGEF,True,True,True,True,True
CEKGIJ,False,True,True,True,True
CEKGIL,True,True,True,True,True
CEKGUX,True,True,True,True,True
CEKHAE,False,True,True,True,True
CEKNAI,False,True,True,True,True
CELQIV,True,True,True,True,True
CELXEZ,False,True,True,True,True
CELXID,False,True,True,True,True
CELXOJ,False,True,True,True,True
CELXUP,True,True,True,True,True
CELYAW,True,True,True,True,True
CEMNAM,True,True,True,True,True
CEPCIK,True,True,True,True,True
CEPCOQ,True,True,True,True,True
CEQGEL,False,True,True,True,True
CEQGEL01,False,True,True,True,True
CESZEG,False,True,True,True,True
CESZIK,False,True,True,True,True
CETDUB,False,True,True,True,True
CETEAN10,True,True,True,True,True
CETMAN,False,True,True,True,True
CETQOJ,False,False,False,True,True
CETQUP,False,False,False,True,True
CETREZ,True,False,False,True,True
CETRID,True,True,True,True,True
CETROJ,True,True,True,True,True
CEWHES,False,True,True,True,True
CEWSUU,True,True,True,True,True
CEWTAB,False,True,True,True,True
CEWTEF,True,True,True,True,True
CEWXUY,False,True,True,True,True
CEXQON,True,True,True,True,True
CEXQUT,False,True,True,True,True
CEYGOD,False,True,True,True,True
CEYREF,False,False,False,True,True
CEYZEO,True,True,True,True,True
CEYZIS,True,True,True,True,True
CEYZOY,True,True,True,True,True
CEYZUE,True,True,True,True,True
CICDEY,False,True,True,True,True
CIFMAG,False,False,False,True,True
CIFMEK,False,False,False,True,True
CIGDED,False,True,True,True,True
CIJKAJ,False,True,True,True,True
CILMIW,True,True,True,True,True
CILMOC,True,True,True,True,True
CIMBIL,True,True,True,True,True
CIMBOR,True,True,True,True,True
CIMBUX,True,True,True,True,True
CIMCAE,False,True,True,True,True
CIMDUZ,False,True,True,True,True
CIMFAH,False,True,True,True,True
CIMKOB,False,True,True,True,True
CIMKOB01,False,True,True,True,True
CIMNOE,True,True,True,True,True
CIMNUK,False,True,True,True,True
CINLAO,True,True,True,True,True
CINPUN,False,True,True,True,True
CIPFOW,False,True,True,True,True
CIPYIL,True,True,True,True,True
CIPYOR,False,True,True,True,True
CIPYUX,False,True,True,True,True
CIPZAE,False,True,True,True,True
CIPZEI,False,True,True,True,True
CIQDUD,False,True,True,True,True
CIQMEX,True,True,True,True,True
CIQMIB,False,True,True,True,True
CIQMOH,True,True,True,True,True
CIQTAA,True,True,True,True,True
CIRLEV,False,True,True,True,True
CISYOU,True,True,True,True,True
CISYUA,False,True,True,True,True
CISZAH,True,True,True,True,True
CISZEL,False,True,True,True,True
CITBIR,False,True,True,True,True
CIVMOJ10,False,True,True,True,True
CIWBOC,True,True,True,True,True
CIWBUI,True,True,True,True,True
CIWCAP,False,False,False,True,True
CIYNAB,False,True,True,True,True
CIYNAB01,False,False,False,True,True
CIYSIN,False,True,True,True,True
CIYSOT,False,True,True,True,True
CIYXUF,False,True,True,True,True
CIYYAM,False,True,True,True,True
CIZCEU,False,True,True,True,True
CIZCIY,False,False,False,True,True
CIZCOE,False,True,True,True,True
CIZCUK,True,False,False,True,True
CIZDAR,False,True,True,True,True
CIZDEV,True,True,True,True,True
CIZDIZ,False,True,True,True,True
COFZUU,False,False,False,True,True
COGBAD,False,True,True,True,True
COGBEH,False,False,False,True,True
COGBIL,False,False,False,True,True
COGLOC,True,False,False,True,True
COGLUI,True,False,False,True,True
COGWUT,True,True,True,True,True
COGWUT01,False,True,True,True,True
COLQAY,False,True,True,True,True
CONKIC,True,True,True,True,True
CONKOI,True,True,True,True,True
CONKUO,True,True,True,True,True
CONYEM,True,True,True,True,True
COSHOK,False,False,False,True,True
COWNUZ,False,True,True,True,True
CPNPCN,False,True,True,True,True
CUMRUA,True,True,True,True,True
CUNQAF,False,True,True,True,True
CUQCUP,False,True,True,True,True
CUQDAW,True,True,True,True,True
CUXKUE,True,True,True,True,True
CUXLEP,True,True,True,True,True
CUXLIT,True,True,True,True,True
DAFDAT,True,True,True,True,True
DAQKUE,True,True,True,True,True
DASTEZ,True,True,True,True,True
DASTID,True,True,True,True,True
DATVUR,True,True,True,True,True
DATWAY,False,True,True,True,True
DATZUW,True,True,True,True,True
DAZBUF,True,True,True,True,True
DAZVUZ,True,False,False,True,True
DAZZEK,False,True,True,True,True
DBPERY,False,True,True,True,True
DBZCOR,False,True,True,True,True
DEDCUN,False,True,True,True,True
DEDCUN01,False,True,True,True,True
DEDDEY,False,True,True,True,True
DEDDEY01,False,True,True,True,True
DEDDIC,False,True,True,True,True
DEDDIC01,False,True,True,True,True
DEGGEE,True,True,True,True,True
DEPHUE,False,True,True,True,True
DEPJAM,True,True,True,True,True
DEPJIU,False,True,True,True,True
DERROK,False,True,True,True,True
DICLEG,False,True,True,True,True
DICLOQ,False,True,True,True,True
DICMOR,False,False,False,True,True
DICMUX,False,False,False,True,True
DICMUX01,False,True,True,True,True
DICMUX02,False,False,False,True,True
DICNIM,False,True,True,True,True
DICNIM01,False,True,True,True,True
DICNOS,False,True,True,True,True
DICNUY,False,True,True,True,True
DICNUY01,False,True,True,True,True
DICNUY02,False,False,False,True,True
DICPAG01,False,True,True,True,True
DICPEK,False,False,False,True,True
DICPEK01,False,True,True,True,True
DIFXOG,True,False,False,True,True
DIFXUM,False,True,True,True,True
DIFYAT,False,True,True,True,True
DIGSOE,False,True,True,True,True
DIGTUL,False,True,True,True,True
DIPQIF,True,True,True,True,True
DIRKOH,True,True,True,True,True
DOCMUG,True,True,True,True,True
DOCXOK,False,True,True,True,True
DOFTIE,False,True,True,True,True
DOFWIH,True,True,True,True,True
DOGREY,True,True,True,True,True
DOHBEJ,False,False,False,True,True
DOHCAG,False,False,False,True,True
DOKQIF,True,True,True,True,True
DOLTOP,True,False,False,True,True
DONREF,False,True,True,True,True
DOQNEF,True,False,False,True,True
DUFDUG,True,True,True,True,True
DUFZAG,True,False,False,True,True
DUFZEK,False,False,False,True,True
DUPHAX,False,True,True,True,True
DUWHEJ,False,False,False,True,True
DUWHIN,False,True,True,True,True
DUWHOT,False,True,True,True,True
DUWPER,False,True,True,True,True
EBIWAR,True,True,True,True,True
EBOZEE,True,True,True,True,True
EBOZII,True,True,True,True,True
EBUTOO,True,True,True,True,True
ECEFOL,True,True,True,True,True
ECENAD,False,True,True,True,True
ECIGII,True,True,True,True,True
ECIGOO,False,True,True,True,True
ECIGUV,True,True,True,True,True
ECIQOW,False,True,True,True,True
ECIQUC,True,True,True,True,True
ECIRAJ,False,True,True,True,True
ECIREN,True,True,True,True,True
ECIRIR,False,False,False,True,True
ECIROX,False,False,False,True,True
ECIRUD,False,False,False,True,True
ECIWUL,False,True,True,True,True
ECIXAS,True,True,True,True,True
EDAROT,False,True,True,True,True
EDELUW,False,True,True,True,True
EDEMAD,False,False,False,True,True
EDUKUM,True,True,True,True,True
EDULAT,True,True,True,True,True
EDULEX,True,False,False,True,True
EDULIB,True,True,True,True,True
EFAJEB,False,False,False,True,True
EFOGIS,True,True,True,True,True
EGEHEE,False,True,True,True,True
EGODUB,False,True,True,True,True
EGOFAJ,False,True,True,True,True
EGOFEN,False,True,True,True,True
EGOKIW,False,False,False,True,True
EGOLIW,True,True,True,True,True
EHICII,True,True,True,True,True
EHICOO,True,True,True,True,True
EKAVAQ,True,True,True,True,True
ELERAR,False,True,True,True,True
ELOLAV,True,False,False,True,True
EMAPAL,False,True,True,True,True
EMUXAO,True,True,True,True,True
EPANEQ,False,False,False,True,True
EPANEQ01,False,True,True,True,True
EPANEQ02,False,True,True,True,True
EQEMOF,True,False,False,True,True
EQICIS,True,True,True,True,True
EQUDIG,False,True,True,True,True
ESEDOW,False,False,False,True,True
ESEDUC,False,True,True,True,True
ESEFAK,True,False,False,True,True
EVOYOE,True,True,True,True,True
EWEWAH,True,True,True,True,True
EXAFOZ,True,True,True,True,True
EXEBOB,True,False,False,True,True
EXEBUH,True,False,False,True,True
EYAGOD,True,True,True,True,True
EYOFUW,True,True,True,True,True
EZETOU,True,True,True,True,True
EZUHIR,False,True,True,True,True
EZUWON,False,True,True,True,True
FABRIM,True,True,True,True,True
FACPUY,False,False,False,True,True
FACQAF,False,True,True,True,True
FACZUI,True,False,False,True,True
FADBAR,False,True,True,True,True
FADBAR01,False,True,True,True,True
FADBEV,True,True,True,True,True
FADMAC,False,True,True,True,True
FADPOT,False,True,True,True,True
FAGQEM,True,True,True,True,True
FAHFON,True,True,True,True,True
FAHTEO,False,True,True,True,True
FAHTIS,False,True,True,True,True
FAHTOY,False,True,True,True,True
FANGIL,True,False,False,True,True
FANGOR,True,True,True,True,True
FANHAE,True,True,True,True,True
FAPQOG,True,True,True,True,True
FAPQUM,True,True,True,True,True
FAPXON,True,True,True,True,True
FAPXUT,False,True,True,True,True
FAQWIH,True,True,True,True,True
FATNOG,True,True,True,True,True
FAVPID,False,True,True,True,True
FAVPOJ,False,True,True,True,True
FAWCEP,True,True,True,True,True
FAXKUO,True,True,True,True,True
FEBTEP,True,True,True,True,True
FEBTIT,False,True,True,True,True
FECZOE,False,True,True,True,True
FECZOE01,False,True,True,True,True
FEGFIJ,True,True,True,True,True
FEGFOP,False,True,True,True,True
FEHQAM,False,True,True,True,True
FEHROA,True,False,False,True,True
FEHROA01,True,False,False,True,True
FEHROA02,True,False,False,True,True
FEHROA03,True,False,False,True,True
FEHROA04,True,False,False,True,True
FEHROA05,True,False,False,True,True
FEHROA06,True,False,False,True,True
FEHROA07,True,False,False,True,True
FEMHIR,False,True,True,True,True
FEVXEL,False,False,False,True,True
FEYDIZ,True,True,True,True,True
FEYDOF,True,True,True,True,True
FIFHAG,False,True,True,True,True
FILHOX,False,False,False,True,True
FIQSEG,False,True,True,True,True
FIQSIK,False,True,True,True,True
FIQSOQ,False,True,True,True,True
FOBMAN,True,True,True,True,True
FOBMER,True,True,True,True,True
FOBROG,True,True,True,True,True
FOBRUM,False,True,True,True,True
FOSPOV,True,True,True,True,True
FOSPOV01,False,True,True,True,True
FOSPOV03,False,True,True,True,True
FOSPUB,True,False,False,True,True
FOSQAI,False,False,False,True,True
FOSQAI01,False,True,True,True,True
FOTGAY,True,True,True,True,True
FOXDII,False,False,False,True,True
FOYWOI,False,True,True,True,True
FUNMEI,True,True,True,True,True
FUNMIM,True,True,True,True,True
FUPGII,False,True,True,True,True
FUPGOO,False,True,True,True,True
FUQPUD,True,True,True,True,True
FUQQAK,True,True,True,True,True
FUSFEH,False,True,True,True,True
GABQUZ,False,True,True,True,True
GACSEK,True,True,True,True,True
GACSIO,True,True,True,True,True
GAFBEY,False,True,True,True,True
GAFPEL,True,True,True,True,True
GAGVUJ,False,True,True,True,True
GATJAQ,True,True,True,True,True
GATXEH,True,True,True,True,True
GAXCUD10,True,True,True,False,True
GAXZAK,True,True,True,True,True
GEGDUT,False,True,True,True,True
GEGFAB,False,True,True,True,True
GEGFEF,False,True,True,True,True
GEGFIJ,True,True,True,True,True
GEGFOP,False,True,True,True,True
GEGFUV,True,True,True,True,True
GEGQUF,False,False,False,True,True
GEJKOY,True,True,True,True,True
GEJKUE,True,True,True,True,True
GERZUB,True,True,True,True,True
GESBAK,True,True,True,True,True
GEVNAZ,True,True,True,True,True
GILFUD,False,False,False,True,True
GILFUD01,False,False,False,True,True
GILFUD03,False,False,False,True,True
GINMUN,False,True,True,True,True
GIVZUJ,False,True,True,True,True
GIWBAS,False,True,True,True,True
GOCQIA,True,True,True,True,True
GODCEI,True,True,True,True,True
GOHDIR,False,True,True,True,True
GOHDOX,False,True,True,True,True
GOJRON,False,True,True,True,True
GORVEQ,True,True,True,True,True
GORVIU,True,True,True,True,True
GORVIU01,False,True,True,True,True
GORVUG,False,True,True,True,True
GOWQOB,False,False,False,True,True
GOWQUH,True,True,True,True,True
GOZWAW,False,True,True,True,True
GOZWAW01,False,True,True,True,True
GOZWAW02,False,True,True,True,True
GOZWIE,False,True,True,True,True
GOZWIE01,False,True,True,True,True
GOZWIE02,False,True,True,True,True
GOZWIE03,False,True,True,True,True
GUBCOY,False,True,True,True,True
GUDCEQ,True,True,True,True,True
GUMZIY,False,True,True,True,True
GUMZOE,False,False,False,True,True
GUMZUK,False,False,False,True,True
GUNBAT,False,False,False,True,True
GUNBEX,False,True,True,True,True
GUQPIU,True,False,False,True,True
GUQZUP,False,True,True,True,True
GUQZUP01,False,True,True,True,True
GUSFIL,False,False,False,True,True
GUSMAK,False,True,True,True,True
GUXMAO,True,True,True,True,True
GUXMES,False,True,True,True,True
GUXMIW,True,True,True,True,True
GUXMOC,True,True,True,True,True
HAKJIO,False,True,True,True,True
HAPJUF,False,True,True,True,True
HAPKAM,False,True,True,True,True
HAPRAU,True,False,False,True,True
HAXCIW,False,True,True,True,True
HAXDUJ,True,True,True,True,True
HAXFAR,True,True,True,True,True
HAXFEV,True,True,True,True,True
HBZCOR,False,True,True,True,True
HBZCOR01,False,True,True,True,True
HEHQUJ,False,True,True,True,True
HEHQUJ01,False,True,True,True,True
HEJCAD,False,True,True,True,True
HEJCEH,True,True,True,True,True
HETVAG,True,True,True,True,True
HETYOX,False,True,True,True,True
HIBFUW,False,True,True,True,True
HIBTOE,False,True,True,True,True
HICGAE,False,True,True,True,True
HICGEI,True,True,True,True,True
HICGIM,True,True,True,True,True
HICHUY,False,True,True,True,True
HICJAG,False,True,True,True,True
HICJAG01,False,True,True,True,True
HIDFEI,False,True,True,True,True
HIFPUK,True,True,True,True,True
HIGNIV,False,True,True,True,True
HIGNIV01,False,False,False,True,True
HIGPUJ,False,False,False,True,True
HIGPUJ01,False,False,False,True,True
HIGPUJ02,False,False,False,True,True
HIGPUJ03,False,False,False,True,True
HIGPUJ04,False,True,True,True,True
HIGPUJ05,False,True,True,True,True
HIGPUJ06,False,True,True,True,True
HIGPUJ07,False,True,True,True,True
HIMCIS,True,True,True,True,True
HIMFAN,True,True,True,True,True
HINXUA,False,True,True,True,True
HIRKIF,False,True,True,True,True
HISSEJ,True,True,True,True,True
HITGUO,True,True,True,True,True
HITHAV,True,True,True,True,True
HIZHAA,False,True,True,True,True
HOCTUR,True,True,True,True,True
HOFLAS,True,True,True,True,True
HOFLEW,True,True,True,True,True
HOFNEX,True,True,True,True,True
HOFNIB,False,True,True,True,True
HOFNOH,False,False,False,True,True
HOFNOH01,False,False,False,True,True
HOFPID,True,True,True,True,True
HOHMOI,True,True,True,True,True
HONQAE,True,True,True,True,True
HONQAE01,False,True,True,True,True
HONWOY,True,True,True,True,True
HONZIV,True,False,False,True,True
HOVBIG,True,True,True,True,True
HOVBOM,True,True,True,True,True
HOVDAA,True,False,False,True,True
HOVDEE,True,False,False,True,True
HUDMUQ,True,True,True,True,True
HUDNAX,True,True,True,True,True
HUGKUR,True,True,True,True,True
HUGLEC,True,True,True,True,True
HULKOO,False,True,True,True,True
HUQNOZ,False,True,True,True,True
HUQPAN,False,True,True,True,True
HURJAI,True,True,True,True,True
HURJIQ,False,True,True,True,True
HUVQEX,False,True,True,True,True
HUWSUQ,False,True,True,True,True
HUZTEE,False,True,True,True,True
IBEBAV,False,False,False,True,True
IBENUC,True,True,True,True,True
IBIFUY,True,True,True,True,True
IBIGAF,True,True,True,True,True
IBIGEJ,True,True,True,True,True
IBOZEH,False,True,True,True,True
IBOZEH01,False,True,True,True,True
ICEKAG,True,True,True,True,True
ICEKEK,True,True,True,True,True
ICEKIO,True,True,True,True,True
ICUPUU,False,True,True,True,True
ICUQEF,False,False,False,True,True
ICUQIJ,False,True,True,True,True
ICUQUV,False,True,True,True,True
ICURAC,False,True,True,True,True
ICUZOX,True,True,True,True,True
IDUPUU,True,True,True,True,True
IGAPOY,False,True,True,True,True
IGIKIV,False,True,True,True,True
IJEQUL,False,True,True,True,True
IJEZIH01,False,True,True,True,True
IJEZIH02,False,True,True,True,True
IJOXAJ,False,True,True,True,True
IKADUT,True,True,True,True,True
IKASIX,True,True,True,True,True
IMATUO,True,True,True,True,True
IMAZUU,True,True,True,True,True
IMEJUH,True,True,True,True,True
INAZEE,True,True,True,True,True
INELOE,True,True,True,True,True
INELUK,False,True,True,True,True
INELUK01,True,True,True,True,True
INELUK02,False,True,True,True,True
INELUK03,False,True,True,True,True
INESUS,True,True,True,True,True
IPALIX,False,False,False,True,True
IPAMOE,False,False,False,True,True
IPENAV,True,True,True,True,True
IQABEI,False,False,False,True,True
IQAFIP,True,True,True,True,True
IQAGAI,False,True,True,True,True
IQERED,True,True,True,True,True
IQIDIW,False,True,True,True,True
IQIDIW01,False,True,True,True,True
IQIDIW02,False,True,True,True,True
IQIDOC,False,True,True,True,True
IQIDUI,False,True,True,True,True
IQITAE,False,True,True,True,True
IQITEI,False,False,False,True,True
IQUHAG,False,True,True,True,True
IRIGAU,True,True,True,True,True
IRIJAX,True,True,True,True,True
ISAMIY,True,True,True,True,True
ISAZUA,True,True,True,True,True
ITOCIG,False,True,True,True,True
ITOCOM,True,True,True,True,True
ITOFII,True,True,True,True,True
ITUKEO,True,True,True,True,True
ITUKIS,True,True,True,True,True
ITUKOY,True,True,True,True,True
IVAFOB,False,True,True,True,True
IVANOL,True,False,False,True,True
IVEQAE,True,True,True,True,True
IVOJAG,False,False,False,True,True
IVOLAJ,True,True,True,True,True
IVOSET02,True,True,True,True,True
IVOSIX02,True,True,True,True,True
IWERIN,True,True,True,True,True
IWEVUE,True,True,True,True,True
IWEWEP,True,True,True,True,True
IYIWOF,False,True,True,True,True
IYOBII,True,True,True,True,True
IYOBOO,False,True,True,True,True
IZAMEE,True,True,True,True,True
IZUGER,False,True,True,True,True
IZUGIV,True,True,True,True,True
IZUHIW,False,True,True,True,True
IZUHOC,True,True,True,True,True
IZUHUI,False,True,True,True,True
IZUJAQ,False,True,True,True,True
IZUJEU,False,True,True,True,True
IZUJIY,True,True,True,True,True
IZUJOE,False,True,True,True,True
JACWIW,False,True,True,True,True
JACWOC,False,False,False,True,True
JACWUI,False,True,True,True,True
JACXAP,False,True,True,True,True
JACXET,False,False,False,True,True
JACXIX,True,True,True,True,True
JAFSOC,True,False,False,True,True
JANWUT,False,False,False,True,True
JANXOO,True,True,True,True,True
JAPXII,True,True,True,True,True
JARGAL,True,True,True,True,True
JARGEP,True,True,True,True,True
JEKGIQ,False,True,True,True,True
JEKGOW,False,True,True,True,True
JEMSIE,True,True,True,True,True
JEMSOK,True,True,True,True,True
JETQIL,True,True,True,True,True
JEYGEC,True,True,True,True,True
JEZPIQ,True,True,True,True,True
JIBMOZ,True,True,True,True,True
JIBMUF,False,True,True,True,True
JIBNAM,True,False,False,True,True
JIPJUQ,False,True,True,True,True
JIPSIL,False,True,True,True,True
JIPSOR,False,True,True,True,True
JIPSUX,False,True,True,True,True
JITLII,True,True,True,True,True
JIVTUG,False,True,True,True,True
JOGYUC,True,True,True,True,True
JOHVEK,True,True,True,True,True
JOHVIO,True,True,True,True,True
JOQZIA,False,False,False,True,True
JORCEB,True,True,True,True,True
JOSZAV,False,True,True,True,True
JOXLOA,True,True,True,True,True
JOYJAL,False,True,True,True,True
JUBDER,True,True,True,True,True
JUBDIV,False,True,True,True,True
JUVSIF,True,True,True,True,True
JUWCUC,False,True,True,True,True
JUWDAJ,False,True,True,True,True
JUWDEN,False,True,True,True,True
JUZLAT,False,True,True,True,True
KAGFOP,False,True,True,True,True
KAGFUV,False,True,True,True,True
KAGGAC,False,True,True,True,True
KAGGEG,False,True,True,True,True
KAGGEG01,False,True,True,True,True
KAGGIK,False,True,True,True,True
KAHQAP,False,True,True,True,True
KAJGIL01,False,True,True,True,True
KAJPEQ01,False,True,True,True,True
KAJTEX,False,True,True,True,True
KAJTIB,True,True,True,True,True
KAKKEO,True,True,True,True,True
KAKKEO01,True,True,True,True,True
KAXFOI,True,True,True,True,True
KEBXUO,False,True,True,True,True
KECLAH,False,True,True,True,True
KEDQUI,False,True,True,True,True
KEDVUO,False,True,True,True,True
KEDWAV,True,True,True,True,True
KEDWEZ,True,True,True,True,True
KEFFEJ,False,True,True,True,True
KEGQOF,False,True,True,True,True
KEMDEN,True,False,False,True,True
KEMDIR,False,True,True,True,True
KEMDIR02,True,False,False,True,True
KEPDIV,False,False,False,True,True
KEPDIV01,False,False,False,True,True
KEPDOB,False,False,False,True,True
KEPDOB01,False,False,False,True,True
KEPDUH,False,True,True,True,True
KEPDUH01,False,True,True,True,True
KIFQAU,True,False,False,True,True
KIFQEY,True,False,False,True,True
KIFXAB,False,True,True,True,True
KIFYEG,True,True,True,True,True
KIFYIK,True,True,True,True,True
KIMKEZ,False,True,True,True,True
KIMKID,False,True,True,True,True
KIQVOY,True,True,True,True,True
KISPUY,False,True,True,True,True
KISQAF,True,True,True,True,True
KIYXAU,True,True,True,True,True
KIZSUK,True,True,True,True,True
KIZTAR,True,True,True,True,True
KIZTAR01,True,True,True,True,True
KIZTEV,True,True,True,True,True
KIZTIZ,True,True,True,True,True
KIZTOF,True,True,True,True,True
KOGXIQ,False,True,True,True,True
KOTWOI,True,False,False,True,True
KOTWUO,True,False,False,True,True
KOTXAV,True,True,True,True,True
KOTXEZ,True,True,True,True,True
KOTXID,True,True,True,True,True
KOTXOJ,True,False,False,True,True
KOTXUP,True,False,False,True,True
KOTYAW,True,False,False,True,True
KOVNER,False,True,True,True,True
KOVNIV,True,True,True,True,True
KOYWUT,False,True,True,True,True
KUDDEV,True,True,True,True,True
KUDFAT,True,True,True,True,True
KUHQOW,False,True,True,True,True
KUJPOX,False,True,True,True,True
KUKKIN,True,True,True,True,True
KUKKOT,False,True,True,True,True
KUKKUZ,False,True,True,True,True
KUKLAG,True,True,True,True,True
KUKLEK,True,True,True,True,True
KUKLIO,True,True,True,True,True
KUKLOU,False,True,True,True,True
KUKVOE,True,True,True,True,True
KUMTAQ,True,True,True,True,True
KUMTEU,False,False,False,True,True
KUNPOA,True,True,True,True,True
KUNPUG,True,True,True,True,True
KUNQAN,True,True,True,True,True
KUPVOI,True,True,True,True,True
KUSDEJ,True,True,True,True,True
KUTZUX,True,True,True,True,True
KUVBAH,True,True,True,True,True
KUVBEL,True,True,True,True,True
KUWDAI,False,True,True,True,True
KUWWEG,True,True,True,True,True
KUWWIK,False,True,True,True,True
KUWWOQ,False,True,True,True,True
KUWWUW,True,True,True,True,True
KUWXAD,False,True,True,True,True
KUWXEH,False,True,True,True,True
KUWXIL,True,True,True,True,True
KUWXOR,False,True,True,True,True
KUWXUX,False,True,True,True,True
KUWYAE,True,True,True,True,True
KUZKIB,False,True,True,True,True
KUZKOH,False,True,True,True,True
KUZPOL,True,True,True,True,True
KUZPOL01,True,True,True,True,True
KUZPOL02,True,True,True,True,True
KUZPOL03,True,True,True,True,True
KUZXUA,False,True,True,True,True
KUZYAH,False,True,True,True,True
KUZYEL,False,True,True,True,True
KUZYIP,False,True,True,True,True
LACPAJ,False,True,True,True,True
LACPAJ01,False,True,True,True,True
LAGWAV,False,True,True,True,True
LAGWUP,False,True,True,True,True
LAGXAW,False,True,True,True,True
LAGYOL,True,True,True,True,True
LAHLUF,True,True,True,True,True
LAQVAE,True,True,True,True,True
LAQVEI,True,True,True,True,True
LAQVIM,True,True,True,True,True
LAQVOS,True,True,True,True,True
LARDAN,True,True,True,True,True
LARDER,True,True,True,True,True
LARDOB,True,True,True,True,True
LAVPIK,False,True,True,True,True
LAVPOQ,False,True,True,True,True
LAXYIV,True,True,True,True,True
LAYPOU,False,True,True,True,True
LAYPUA,True,True,True,True,True
LAYQAH,True,True,True,True,True
LAYQEL,True,False,False,True,True
LEDZUT,True,False,False,True,True
LEHZIL,True,True,True,True,True
LEJCOU,True,False,False,True,True
LEKLIZ,True,True,True,True,True
LENPEZ,False,True,True,True,True
LENPEZ01,False,True,True,True,True
LENPEZ02,False,True,True,True,True
LENPEZ03,False,True,True,True,True
LEXJOP,False,False,False,True,True
LEXQEN,True,True,True,True,True
LICPEV,True,True,True,True,True
LICTUP,True,True,True,True,True
LIDDIO,True,True,True,True,True
LIDXII,True,False,False,True,True
LINFOG,False,True,True,True,True
LINFUM,False,True,True,True,True
LITMAF,True,True,True,True,True
LITMEJ,True,True,True,True,True
LIYPOZ,False,True,True,True,True
LOGHUM,True,True,True,True,True
LOLPEK,True,True,True,True,True
LOLPIO,True,True,True,True,True
LOLTOX,True,True,True,True,True
LOPYIA,True,True,True,True,True
LOPYOG,False,True,True,True,True
LUCJIE,False,True,True,True,True
LUCJOK,False,True,True,True,True
LUCSEK,False,True,True,True,True
LUDJAW,True,True,True,True,True
LUJYAT,True,True,True,True,True
LUMDAA,True,True,True,True,True
LUQZOP,False,True,True,True,True
LUQZUV,True,True,True,True,True
MABZAS,False,True,True,True,True
MADYUP,False,True,True,True,True
MAGDUW,False,False,False,True,True
MAGFAE,True,False,False,True,True
MAGFEI,True,False,False,True,True
MAHHAH,False,True,True,True,True
MAHHEL,False,True,True,True,True
MAHHIP,False,True,True,True,True
MAMHEO,False,False,False,True,True
MAMSUQ,False,True,True,True,True
MAWFEZ,True,True,True,True,True
MAWJED,True,False,False,True,True
MAYFIE,True,True,True,True,True
MAYFOK,True,True,True,True,True
MAYFUQ,False,True,True,True,True
MAYGAX,False,True,True,True,True
MELMUO,True,True,True,True,True
MELNAV,True,True,True,True,True
MENMEA,True,True,True,True,True
MENMIE,True,False,False,True,True
MEQWEN,False,False,False,True,True
MEQWIR,True,True,True,True,True
MERDIX,False,True,True,True,True
MERDUJ,False,True,True,True,True
MERQIM,False,True,True,True,True
MERQOS,False,True,True,True,True
MERQUY,False,True,True,True,True
MERRAF,False,True,True,True,True
MICBAC,True,True,True,True,True
MIGDAK,True,False,False,True,True
MIGLAS,True,False,False,True,True
MIGLIA,True,True,True,True,True
MIHCOX,False,True,True,True,True
MIQMIJ,True,True,True,True,True
MIQMOP,False,True,True,True,True
MIVCUR,False,True,True,True,True
MIVDAY,False,True,True,True,True
MIVDEC,False,True,True,True,True
MIVDIG,True,True,True,True,True
MIVDOM,False,True,True,True,True
MIVDUS,False,True,True,True,True
MIVJOT,False,True,True,True,True
MIVJUZ,False,True,True,True,True
MIVKAG,False,True,True,True,True
MIWGEE,False,True,True,True,True
MIWGII,False,False,False,True,True
MIWGOO,False,False,False,True,True
MIWGUU,False,True,True,True,True
MIWHAB,False,True,True,True,True
MIWHEF,False,True,True,True,True
MIXBON,False,True,True,True,True
MIXXID,True,True,True,True,True
MIYGEI,True,True,True,True,True
MNAPAD,False,True,True,True,True
MODKAT,True,True,True,True,True
MOPCEB,True,True,True,True,True
MOPCIF,False,True,True,True,True
MOPCIF01,True,True,True,True,True
MOPGII,False,False,False,True,True
MUBSOT,True,True,True,True,True
MUBSUZ,True,True,True,True,True
MUFKUW,False,True,True,True,True
MUJSER,False,True,True,True,True
MUJSIV,False,True,True,True,True
MUMFIM,True,True,True,True,True
MUNVUP,True,True,True,True,True
MUPMOC,True,True,True,True,True
MUQNIX,False,True,True,True,True
MUTYEH,True,True,True,True,True
MUVCIQ,False,True,True,True,True
MUVVEH,True,True,True,True,True
MUVVEH01,True,True,True,True,True
MUWXUY,True,True,True,True,True
MUWXUY01,True,True,True,True,True
MUXJAR,False,True,True,True,True
MUXJEV,False,True,True,True,True
NACNTE,False,True,True,True,True
NACNTE11,False,True,True,True,True
NACQER,False,True,True,True,True
NADCII,True,True,True,True,True
NAFVAT,True,True,True,True,True
NAFXAX,True,True,True,True,True
NAFXEB,True,True,True,True,True
NAGSUN,False,True,True,True,True
NAGVOK,True,False,False,True,True
NAPANT,False,True,True,True,True
NAPANT01,False,True,True,True,True
NAPPYR,False,True,True,True,True
NAPPYR03,True,True,True,True,True
NAQKEZ,True,True,True,True,True
NAQKID,True,True,True,True,True
NAQKOG,True,False,False,True,True
NAQKOJ,True,True,True,True,True
NAQYEM,True,True,True,True,True
NARWOW,True,True,True,True,True
NAWNOS,True,True,True,True,True
NAYWIW,False,False,False,True,True
NAYWOC,True,True,True,True,True
NAYWUI,True,True,True,True,True
NEDPOE,True,True,True,True,True
NELGAP,True,True,True,True,True
NEVGUT,False,True,True,True,True
NEXKOT,True,True,True,True,True
NEXKUZ,True,True,True,True,True
NIBBIK,False,True,True,True,True
NICWOO,True,True,True,True,True
NICZUX,False,True,True,True,True
NIDBEK,False,True,True,True,True
NIDGEO,True,True,True,True,True
NIDGIS,False,True,True,True,True
NIKLUQ,False,True,True,True,True
NIKLUQ01,False,True,True,True,True
NIMCOD,False,True,True,True,True
NIMCUJ,True,True,True,True,True
NIMNEE,False,True,True,True,True
NIMNII,True,True,True,True,True
NIMNOO,False,True,True,True,True
NIMPAC,False,True,True,True,True
NIMXEO,True,True,True,True,True
NIRDIC,True,True,True,True,True
NIVNUD,False,True,True,True,True
NIVPAL,False,True,True,True,True
NIXVEW,False,False,False,True,True
NOJPAG,False,True,True,True,True
NOJPEK,True,True,True,True,True
NOJPIO,False,True,True,True,True
NOKSIS,True,True,True,True,True
NOYWOQ,False,True,True,True,True
NOYXAD,False,True,True,True,True
NOYXEH,True,True,True,True,True
NOYXOR,False,True,True,True,True
NPDTOL,False,True,True,True,True
NPDTOL02,False,True,True,True,True
NPHTHS,False,True,True,True,True
NUCFUO,False,True,True,True,True
NUCFUO01,False,True,True,True,True
NUCNOR,True,True,True,True,True
NUCNUX,True,True,True,True,True
NUCPAF,True,True,True,True,True
NUCPEJ,True,True,True,True,True
NUCVAL,False,True,True,True,True
NUKMIS,True,True,True,True,True
NUKMOY,True,True,True,True,True
NULNAK,True,True,True,True,True
NULNEO,False,True,True,True,True
NULNIS,True,False,False,True,True
NULXUQ,True,False,False,True,True
NULYAX,True,True,True,True,True
NULYEB,True,True,True,True,True
NUPFEL,False,True,True,True,True
NUPPUM,True,True,True,True,True
NUPRIB,False,True,True,True,True
NUPRIB01,True,True,True,True,True
NUPYEF,True,True,True,True,True
NUSFIR,False,True,True,True,True
NUSNOH,False,False,False,True,True
NUXNUS,True,True,True,True,True
NUXPAA,True,True,True,True,True
OBAKEL,False,True,True,True,True
OBAKIP,False,True,True,True,True
OBODUI,False,True,True,True,True
OBOHUL,False,False,False,True,True
OBUFEY,False,True,True,True,True
OCUPEJ,True,True,True,True,True
OCUXES,False,False,False,True,True
OCUXIW,False,False,False,True,True
OCUXOC,False,False,False,True,True
ODAFIL,False,False,False,True,True
ODEHUE,False,True,True,True,True
ODEJAM,True,True,True,True,True
ODEXII,True,True,True,True,True
ODEXOO,True,True,True,True,True
ODEXUU,False,True,True,True,True
ODEYAB,False,True,True,True,True
OFUPEN,False,False,False,True,True
OFUPIR,False,True,True,True,True
OFUSEQ,True,True,True,True,True
OFUSIU,True,True,True,True,True
OFUSOA,True,True,True,True,True
OFUSUG,True,True,True,True,True
OFUTOY,False,True,True,True,True
OFUTUE,False,True,True,True,True
OFUTUE01,False,True,True,True,True
OFUVAM,True,True,True,True,True
OFUVEQ,True,True,True,True,True
OGELEU,True,True,True,True,True
OGETEC,False,False,False,True,True
OGUFII,True,True,True,True,True
OGUQIT,True,True,True,True,True
OGUQOZ,True,True,True,True,True
OGUQUF,True,True,True,True,True
OGURAM,True,True,True,True,True
OGUREQ,True,True,True,True,True
OGURIU,False,True,True,True,True
OGUROA,False,True,True,True,True
OHAZEF,False,True,True,True,True
OHEGEP,False,True,True,True,True
OHEGIT,False,True,True,True,True
OHEPID,True,True,True,True,True
OHIVEJ,True,True,True,True,True
OHIZIR,True,True,True,True,True
OHIZOX,True,True,True,True,True
OHIZUD,True,True,True,True,True
OHOBAR,True,True,True,True,True
OHOBEV,True,True,True,True,True
OHOBIZ,True,True,True,True,True
OHOBOF,True,True,True,True,True
OHOBUL,True,True,True,True,True
OHOCAS,True,True,True,True,True
OHOJIH,False,False,False,True,True
OHOJON,False,True,True,True,True
OHUBUR,True,True,True,True,True
OHUCUR,True,True,True,True,True
OHUDAY,True,True,True,True,True
OHUDEC,False,True,True,True,True
OJAPAS,False,True,True,True,True
OJAPEW,False,True,True,True,True
OJAZUW,False,True,True,True,True
OJIYIQ,True,True,True,True,True
OJIYOW,False,True,True,True,True
OJIYUC,True,True,True,True,True
OJIZAJ,True,True,True,True,True
OJIZEN,True,True,True,True,True
OJOFUR,True,True,True,True,True
OKANOE,False,True,True,True,True
OKANUK,False,True,True,True,True
OKAPAS,True,True,True,True,True
OMAYOT,True,True,True,True,True
OMAYUZ,True,True,True,True,True
OMAZAG,True,True,True,True,True
OMOPAK,False,True,True,True,True
OMOPEO,False,False,False,True,True
OMUQOE,True,True,True,True,True
OMUQUK,True,True,True,True,True
ONOZOH,True,True,True,True,True
ONUBAB,False,True,True,True,True
ONUBEF,False,True,True,True,True
ONUBOQ,False,False,False,True,True
ONUCAD,True,True,True,True,True
ONUKEQ,True,True,True,True,True
OPORIX,True,True,True,True,True
OPOROD,True,True,True,True,True
OPOVUN,False,True,True,True,True
OPOWAU,False,True,True,True,True
OQAHAS,True,True,True,True,True
OQAHEW,False,True,True,True,True
OQASUX,True,True,True,True,True
OQAYAJ,False,True,True,True,True
OQIHUU,False,True,True,True,True
OQIJAC,False,True,True,True,True
OQIJEG,True,True,True,True,True
ORUNIB,True,True,True,True,True
ORUNOH,True,True,True,True,True
OVALEN,False,True,True,True,True
OVALEN01,False,True,True,True,True
OVINOY,True,True,True,True,True
OVOVUS,False,True,True,True,True
OVOVUS01,False,True,True,True,True
OVOVUS02,False,True,True,True,True
OVOYOP,True,True,True,True,True
OXECOM,True,True,True,True,True
OXOCUA,False,True,True,True,True
OXUPIJ,True,True,True,True,True
OYADOI,True,True,True,True,True
OYAJOQ,True,True,True,True,True
OYUVAI,True,True,True,True,True
OZAJOQ,True,True,True,True,True
OZAJUW,True,True,True,True,True
OZOXAE,False,True,True,True,True
OZUWUD,True,True,True,True,True
PAFVOJ,True,True,True,True,True
PALHIX,True,True,True,True,True
PASTOW,False,True,True,True,True
PASTUC,True,True,True,True,True
PASVAK,True,True,True,True,True
PASVEO,True,True,True,True,True
PASVIS,False,True,True,True,True
PASVUE,True,True,True,True,True
PATXAM,False,True,True,True,True
PAWROX,False,True,True,True,True
PAZHAD,True,True,True,True,True
PAZLAH,True,False,False,True,True
PAZQIT,False,True,True,True,True
PAZQOZ,False,True,True,True,True
PAZVET,True,True,True,True,True
PAZVIX,True,True,True,True,True
PAZVUJ,True,True,True,True,True
PEBLOB,True,True,True,True,True
PEBPIZ,True,True,True,True,True
PEFGEM,True,True,True,True,True
PEFGUC01,False,False,False,True,True
PEGKET,False,True,True,True,True
PEGKIX,False,True,True,True,True
PEGSEB,True,True,True,True,True
PEMNAY,False,True,True,True,True
PENCEN,False,True,True,True,True
PENCEN01,False,True,True,True,True
PENCEN02,False,True,True,True,True
PENCEN03,False,True,True,True,True
PENCEN04,False,True,True,True,True
PENCEN05,False,True,True,True,True
PENCEN06,False,True,True,True,True
PENCEN07,False,True,True,True,True
PENCEN08,False,True,True,True,True
PENCEN09,False,True,True,True,True
PENCEN10,False,True,True,True,True
PENCEN11,False,True,True,True,True
PENCEN12,False,True,True,True,True
PENCEN17,False,True,True,True,True
PENCIW,False,True,True,True,True
PENHAU,True,True,True,True,True
PEQTIR,True,True,True,True,True
PHNAPH,False,True,True,True,True
PHNAPH01,False,True,True,True,True
PHNAPH02,False,True,True,True,True
PHTLBC,False,True,True,True,True
PHTLBC02,False,True,True,True,True
PHTLBC03,False,True,True,True,True
PHTLBC04,False,True,True,True,True
PHTLBC05,False,True,True,True,True
PHTLBC06,False,True,True,True,True
PIBCEK,True,True,True,True,True
PIDQUR,True,True,True,True,True
PIFHIW,False,True,True,True,True
PIFHOC,False,True,True,True,True
PIFLUO,True,True,True,True,True
PIHZOY,True,True,True,True,True
PIJGOH,False,True,True,True,True
PIJGUN,False,True,True,True,True
PIMGEZ,False,True,True,True,True
PIMGEZ01,False,True,True,True,True
PINDIC,False,True,True,True,True
PINMAD,False,False,False,True,True
PINMEH,True,True,True,True,True
PIVCAZ,False,True,True,True,True
PIXPOD,True,True,True,True,True
PIXPOD01,False,True,True,True,True
PIXPUJ,True,True,True,True,True
PIXPUJ01,True,True,True,True,True
PIYXUS,False,False,False,True,True
PIYYED,False,False,False,True,True
POGZIV,False,True,True,True,True
POLPUD,True,True,True,True,True
POLQAK,True,True,True,True,True
POLZIC,False,False,False,True,True
POLZOI,False,False,False,True,True
POMVOE,True,True,True,True,True
POMVUK,True,True,True,True,True
POMWAR,True,True,True,True,True
POMWEV,True,True,True,True,True
PONFEG,True,True,True,True,True
PONVOG,False,True,True,True,True
POQLEP,True,True,True,True,True
POTXAA,False,True,True,True,True
POTXEE,False,True,True,True,True
POVHIU,True,True,True,True,True
POYCOW,True,True,True,True,True
PUCPIN,True,True,True,True,True
PUFBUQ,False,False,False,True,True
PUFCAX,False,True,True,True,True
PUGPAL,False,True,True,True,True
PUGSIW,True,True,True,True,True
PUGVIY,False,True,True,True,True
PUGVOE,False,True,True,True,True
PUHBEB,True,True,True,True,True
PUJCEF,False,True,True,True,True
PUJCIJ,True,True,True,True,True
PUJDAC,False,True,True,True,True
PUKBOP,False,True,True,True,True
PUKBUV,False,False,False,True,True
PURJOE,True,False,False,True,True
PURJUK,False,True,True,True,True
PURKAR,True,True,True,True,True
PUSNEY,True,True,True,True,True
PUVJUM,False,False,False,True,True
PUVKAT,False,False,False,True,True
PUVKAT01,False,False,False,True,True
PUVKEX,True,True,True,True,True
PUWHAT,True,True,True,True,True
PUWHEX,True,True,True,True,True
PUWHIB,True,True,True,True,True
PUWHOH,True,True,True,True,True
PUWLAX,True,True,True,True,True
PUWNIF,True,False,False,True,True
PUWXAI,True,True,True,True,True
PUWXEN,True,True,True,True,True
PUWXIR,False,True,True,True,True
PUYWOY,True,True,True,True,True
PYRPYR10,False,True,True,True,True
PYRPYR11,False,True,True,True,True
QADMER,False,True,True,True,True
QAJSAX,False,True,True,True,True
QAKLAS,False,False,False,True,True
QALGIW,True,True,True,True,True
QAMTAB,False,True,True,True,True
QAMTEF,False,True,True,True,True
QAQNIJ,True,True,True,False,True
QAQRUZ,False,True,True,True,True
QASVUF,False,True,True,True,True
QEGHAO,False,False,False,True,True
QEPKIG,True,True,True,True,True
QEWGUX,True,True,True,True,True
QEWHAE,False,True,True,True,True
QEWHAE01,False,False,False,True,True
QEWRIU,False,True,True,True,True
QEWSAN,False,True,True,True,True
QIDFUH,False,True,True,True,True
QIFNOL,True,True,True,True,True
QIFNUR,False,True,True,True,True
QIFNUR01,False,True,True,True,True
QIFPAZ,False,False,False,True,True
QIFPED,False,True,True,True,True
QIFPED01,True,True,True,True,True
QIHWEM,True,True,True,True,True
QIJQAE,True,True,True,True,True
QIJQEI,False,False,False,True,True
QIJQIM,False,True,True,True,True
QIJQOS,False,True,True,True,True
QINGEB,False,True,True,True,True
QITQUI,True,True,True,True,True
QIWTUN,True,True,True,True,True
QOBVAH,True,True,True,True,True
QOBVEL,True,True,True,True,True
QOKLIO,False,True,True,True,True
QOKMOV,False,False,False,True,True
QOKQUF,False,True,True,True,True
QOKRAM,False,True,True,True,True
QOKREQ,False,True,True,True,True
QOKRIU,False,True,True,True,True
QQQCIG01,False,True,True,True,True
QQQCIG04,False,True,True,True,True
QQQCIG05,False,True,True,True,True
QQQCIG06,False,True,True,True,True
QQQCIG07,False,True,True,True,True
QQQCIG08,False,True,True,True,True
QQQCIG09,False,True,True,True,True
QQQCIG10,False,True,True,True,True
QQQCIG11,False,True,True,True,True
QQQCIG13,False,True,True,True,True
QQQCIG14,False,False,False,True,True
QQQCIG15,False,True,True,True,True
QQQCIG16,False,True,True,True,True
QQQCIG17,False,True,True,True,True
QQQCIG18,False,True,True,True,True
QQQCIG19,False,True,True,True,True
QQQCIG20,False,True,True,True,True
QQQCIG21,False,True,True,True,True
QQQCIG23,False,True,True,True,True
QQQCIG24,False,False,False,True,True
QQQCIG25,False,False,False,True,True
QQQCIG26,False,False,False,True,True
QQQCIG27,False,False,False,True,True
QQQCIG28,False,False,False,True,True
QQQCIG29,False,False,False,True,True
QQQCIG30,False,True,True,True,True
QQQCIG31,False,False,False,True,True
QQQCIG32,False,False,False,True,True
QQQCIG33,False,True,True,True,True
QQQCIG34,False,True,True,True,True
QQQCIG35,False,True,True,True,True
QQQCIG36,False,True,True,True,True
QQQCIG37,False,True,True,True,True
QQQCIG38,False,True,True,True,True
QUDQOY,True,True,True,True,True
QUDQUE,True,True,True,True,True
QUDRAL,True,True,True,True,True
QULPAQ,False,True,True,True,True
QUMCAE,False,True,True,True,True
QUMCEI,False,True,True,True,True
QUZFEZ,True,True,True,True,True
RADFUB,False,True,True,True,True
RAGCEK,False,True,True,True,True
RAGCIO,False,True,True,True,True
RAGCOU,True,True,True,True,True
RAGCUA,False,True,True,True,True
RAGDAH,False,True,True,True,True
RAGDEL,False,True,True,True,True
RAGDIP,False,True,True,True,True
RAGDOV,False,True,True,True,True
RAGMIZ,True,True,True,True,True
RAJLEX,False,True,True,True,True
RAJLIB,False,True,True,True,True
RAKVUW,True,True,True,True,True
RAKZUA,True,True,True,True,True
RALBAJ,False,True,True,True,True
RANCIW,True,True,True,True,True
RANCUI,True,True,True,True,True
RANHEX,True,True,True,True,True
RAPHID,True,True,True,True,True
RAPHOJ,True,True,True,True,True
RAPJEB,True,True,True,True,True
RAQNAC,True,False,False,True,True
RAQNEG,True,True,True,True,True
RASCIA,True,True,True,True,True
RASCOG,True,True,True,True,True
RATHIH,False,False,False,True,True
RAXXAS,False,True,True,True,True
RAYJOS,False,True,True,True,True
REHYOT,False,True,True,True,True
REKLIF,True,True,True,True,True
RELREH,False,True,True,True,True
RELZAM,False,True,True,True,True
RESSUG,True,True,True,True,True
RESTAN,False,True,True,True,True
RETVEU,True,True,True,True,True
RETVIY,True,True,True,True,True
RETVOE,True,True,True,True,True
RETVUK,False,True,True,True,True
RETWAR,True,True,True,True,True
REVYAT,False,True,True,True,True
RIGWAH,True,True,True,True,True
RIGWEL,True,True,True,True,True
RIXSIC,True,True,True,True,True
RIXSOI,True,True,True,True,True
RIXSUO,True,False,False,True,True
RIXTAV,True,True,True,True,True
RIXVUR,True,True,True,True,True
ROCCOE,False,True,True,True,True
ROCSOT,True,True,True,True,True
ROCSUZ,True,True,True,True,True
ROLWEX,False,True,True,True,True
ROMXUO,True,False,False,True,True
ROPXIF,False,True,True,True,True
ROTSAX,True,True,True,True,True
ROTSEB,True,True,True,True,True
ROZCOA,False,True,True,True,True
RUCJAB,True,True,True,True,True
RUDGOP,True,False,False,True,True
RUDGUV,True,False,False,True,True
RUFGUX,True,True,True,True,True
RUGFEG,True,False,False,True,True
RUGFIK,True,True,True,True,True
RUGFOQ,False,False,False,True,True
RUMSEA,True,True,True,True,True
RUMSIE,True,True,True,True,True
RUMWAA,False,True,True,True,True
RUNJUH,False,True,True,True,True
RUNKAO,False,True,True,True,True
RUNKES,True,True,True,True,True
RUNLET,True,True,True,True,True
RUQDOZ,True,True,True,True,True
RUSFUH,False,False,False,True,True
RUTYOW,False,True,True,True,True
RUTYUC,False,False,False,True,True
SABLIU,False,True,True,True,True
SAGQAV,False,True,True,True,True
SAGQEZ,False,True,True,True,True
SAGVOL,False,True,True,True,True
SAGVUR,False,True,True,True,True
SAGWAY,False,True,True,True,True
SAGWEC,False,False,False,True,True
SAHLAR,True,True,True,True,True
SAKXIN,False,True,True,True,True
SAKXIN02,False,True,True,True,True
SALRUW,True,True,True,True,True
SANWIR,True,True,True,True,True
SAPGAV,False,True,True,True,True
SAZQIX,True,True,True,True,True
SAZQOD,True,True,True,True,True
SEBRAW,True,True,True,True,True
SECLEU,False,True,True,True,True
SECLOE,True,False,False,True,True
SECPOI,False,True,True,True,True
SECPUO,False,False,False,True,True
SEDQUN,True,True,True,True,True
SEDREY,True,True,True,True,True
SEFNOK,True,True,True,True,True
SEQJUW,False,False,False,True,True
SERJIL,True,True,True,True,True
SERJOR,False,True,True,True,True
SERVOB,True,False,False,True,True
SESHAC,True,True,True,True,True
SETTES,False,True,True,True,True
SETTIW,False,True,True,True,True
SETTOC,False,True,True,True,True
SETTUI,False,True,True,True,True
SEVSIY,False,True,True,True,True
SIGFOG,False,False,False,True,True
SIGFUM,True,False,False,True,True
SIGMON,False,False,False,True,True
SIHHEZ,True,True,True,True,True
SIJYUG,True,True,True,True,True
SIRLEL,False,True,True,True,True
SIZLAQ,False,True,True,True,True
SIZLEU,True,False,False,True,True
SIZNIB,False,True,True,True,True
SIZNOH,True,True,True,True,True
SIZNUN,True,True,True,True,True
SIZPAV,True,True,True,True,True
SIZPEZ,True,True,True,True,True
SNACTC,False,False,False,False,True
SOQLEQ,False,True,True,True,True
SOQLIU,False,True,True,True,True
SOTBOU,True,True,True,True,True
SOTBOU01,False,True,True,True,True
SOTNEW,False,True,True,True,True
SOTNIA,False,True,True,True,True
SOTNOG,True,True,True,True,True
SOYKOI,False,True,True,True,True
SOYKUO,False,False,False,True,True
SOYLAV,False,True,True,True,True
SUDPUE,True,True,True,True,True
SUDQAL,True,True,True,True,True
SUGVEY,True,True,True,True,True
SUKVUQ,False,True,True,True,True
SUVXUE,False,True,True,True,True
SUWMUU,False,True,True,True,True
SUXWEQ,True,True,True,True,True
SUYJII,False,True,True,True,True
SUYZOE,True,True,True,True,True
TAKDAO,True,True,True,True,True
TAKKOI,False,True,True,True,True
TANNUV,False,False,False,True,True
TANPIJ,True,True,True,True,True
TATLEG,True,True,True,True,True
TATLIK,False,True,True,True,True
TATLOQ,False,True,True,True,True
TATLUW,True,True,True,True,True
TATMAD,False,True,True,True,True
TATMEH,False,True,True,True,True
TAZDOO,True,False,False,True,True
TBZHCE,False,True,True,True,True
TECKUH,False,True,True,True,True
TECZEJ,False,True,True,True,True
TECZIN,False,True,True,True,True
TECZOT,False,True,True,True,True
TEFBOY,False,True,True,True,True
TEFBOY01,False,True,True,True,True
TEFDUG,False,True,True,True,True
TETCEN,False,True,True,True,True
TETCEN01,False,True,True,True,True
TETCEN03,False,True,True,True,True
TETCEN04,False,True,True,True,True
TETMEN,True,True,True,True,True
TETMIR,True,False,False,True,True
TETTRI,True,True,True,False,True
TETTRI01,True,True,True,False,True
TETTRI02,True,True,True,False,True
TETTRI03,True,True,True,False,True
TETTRI04,True,True,True,False,True
TETTRI05,True,True,True,False,True
TETTRI07,True,True,True,False,True
TETTRI08,True,True,True,False,True
TETTRI09,True,True,True,False,True
TETTRI11,True,True,True,False,True
TEYXAY,False,True,True,True,True
TEYXOM,False,True,True,True,True
TIDFES,False,True,True,True,True
TIJJIG,False,True,True,True,True
TIMVUI,True,True,True,True,True
TIPJUZ,True,True,True,True,True
TIRZAY,False,False,False,True,True
TIRZEC,False,False,False,True,True
TIRZIG,False,True,True,True,True
TIRZOM,True,True,True,True,True
TIVVIF,True,True,True,True,True
TIVVOL,True,True,True,True,True
TIVXUU,True,True,True,True,True
TIXTUS,False,False,False,True,True
TOMPIV,True,True,True,True,True
TOMPOB,True,False,False,True,True
TOMVOH,False,True,True,True,True
TOMVUN,True,True,True,True,True
TOMWAU,False,True,True,True,True
TOMWEY,False,True,True,True,True
TONWOL,True,False,False,True,True
TORSOL,False,True,True,True,True
TORSUR,False,True,True,True,True
TORTAY,False,True,True,True,True
TORTEC,False,True,True,True,True
TORVEE,False,True,True,True,True
TOSMEV,False,True,True,True,True
TOYDIX,True,True,True,True,True
TOYDOD,False,True,True,True,True
TSETCL10,False,True,True,False,True
TSETCN,True,True,True,True,True
TUBJIM,False,False,False,True,True
TUDJAF,True,True,True,True,True
TUGJEN,True,True,True,True,True
TUKVUT,False,True,True,True,True
TUSYEO,True,True,True,True,True
UBEQIE,True,True,True,True,True
UBEQOK,False,True,True,True,True
UBEQUQ,False,True,True,True,True
UBERAX,True,True,True,True,True
UBEREB,True,True,True,True,True
UBERIF,True,True,True,True,True
UBEROL,True,True,True,True,True
UBERUR,False,True,True,True,True
UBESAY,False,True,True,True,True
UBESAY01,False,True,True,True,True
UBOWOZ,True,True,True,True,True
UBOWUF,True,True,True,True,True
UBUQOA,True,True,True,True,True
UCEKOF,True,True,True,True,True
UCEKUL,True,True,True,True,True
UCELAS,True,True,True,True,True
UCIJOF,False,True,True,True,True
UCIJOF01,False,True,True,True,True
UCIJUL,False,True,True,True,True
UCIVIO,True,True,True,True,True
UCIVOU,False,True,True,True,True
UCONEG,False,True,True,True,True
UCONIK,False,True,True,True,True
UCONOQ,False,True,True,True,True
UCONUW,False,True,True,True,True
UDEQAY,False,False,False,True,True
UDUDED,True,True,True,True,True
UDUDIH,True,True,True,True,True
UFARIF,True,True,True,True,True
UFAROL,True,True,True,True,True
UGOMIM,False,True,True,True,True
UGUPIX,False,False,False,True,True
UHADOZ,True,True,True,True,True
UHADUF,False,True,True,True,True
UKIGED,False,True,True,True,True
UKOXUQ,True,True,True,True,True
ULEMUV,True,True,True,True,True
ULUMIA,False,True,True,True,True
ULUMOG,True,True,True,True,True
ULUNUN,False,True,True,True,True
UNIHOP,True,True,True,True,True
UNIZUP,True,True,True,True,True
UNOBAD,True,True,True,True,True
UNOBEH,True,True,True,True,True
UPAJIG,False,True,True,True,True
UQEGUU,True,True,True,True,True
UQEWOE,True,True,True,True,True
UQEWUK,True,True,True,True,True
UQUTEI,False,True,True,True,True
URICIJ,True,True,True,True,True
URIHUB,True,True,True,True,True
URIJAJ,True,True,True,True,True
URITEW,True,True,True,True,True
URITIA,False,True,True,True,True
UROFIT,True,True,True,True,True
UROGOA,True,True,True,True,True
USAFAX,True,True,True,True,True
USAFEB,False,True,True,True,True
USAFEB01,True,True,True,True,True
USAFIF,False,True,True,True,True
USANIN,False,True,True,True,True
USIXUS,True,False,False,True,True
USONUO,False,True,True,True,True
USOTII,True,True,True,True,True
UTAYUK,True,True,True,True,True
UTAZAR,True,False,False,True,True
UTUBOD,True,True,True,True,True
UVAKOS,True,True,True,True,True
UVAKUY,False,True,True,True,True
UVAKUY02,False,True,True,True,True
UVAKUY03,False,True,True,True,True
UVAPAL,True,True,True,True,True
UVOMIC,True,False,False,True,True
UVOMOI,False,True,True,True,True
UVOMUO,False,True,True,True,True
UVONAV,False,True,True,True,True
UWAROB,True,True,True,True,True
UWIQAU,False,True,True,True,True
UWIQEY,True,True,True,True,True
UWIZIL,True,True,True,True,True
UWIZOR,False,True,True,True,True
UYOVEM,True,True,True,True,True
UZAHEK,True,False,False,True,True
UZAHOU,True,True,True,True,True
UZICEO,False,True,True,True,True
VABGIS,True,True,True,True,True
VAFYIM,True,True,True,True,True
VAFYOS,False,True,True,True,True
VAFZEJ,True,True,True,True,True
VAFZIN,True,True,True,True,True
VAGPID,False,True,True,True,True
VAJRIL,False,False,False,True,True
VAJROR,False,True,True,True,True
VAJRUX,False,False,False,True,True
VAMRIN,True,True,True,True,True
VAMROT,True,False,False,True,True
VARFOL,False,True,True,True,True
VASQOY,True,True,True,True,True
VASYIZ,True,True,True,True,True
VAZQES,False,True,True,True,True
VEBJAO,False,True,True,True,True
VEBJES,False,True,True,True,True
VEBJIW,False,True,True,True,True
VEBJOC,False,False,False,True,True
VEBJUI,True,True,True,True,True
VEBKAP,False,True,True,True,True
VEDDUF,True,False,False,True,True
VEHVIQ,False,True,True,True,True
VEHVOW,False,True,True,True,True
VEPPUE,True,True,True,True,True
VEVHEL,False,False,False,True,True
VIMQAM,True,False,False,True,True
VINLEM,False,True,True,True,True
VINLIQ,True,True,True,True,True
VIVDUC,False,True,True,True,True
VIZRUT,False,True,True,True,True
VOGRIU,True,True,True,True,True
VOKBAA,False,False,False,True,True
VOKVIC,True,True,True,True,True
VOQBIM,True,False,False,True,True
VOQBIM01,True,False,False,True,True
VOQBIM02,True,False,False,True,True
VOQBIM03,True,False,False,True,True
VOQBIM04,False,False,False,True,True
VOQBIM05,True,False,False,True,True
VOQBOS,True,True,True,True,True
VORVIK,False,True,True,True,True
VUBJOU,True,True,True,True,True
VUBJUA,True,True,True,True,True
VUBKAH,False,False,False,True,True
VUBKAH01,False,False,False,True,True
VUBKAH02,False,True,True,True,True
VUBKOV,False,True,True,True,True
VUCDOP,False,True,True,True,True
VUFKAL,False,True,True,True,True
VUFNIW,False,True,True,True,True
VULQUQ,False,True,True,True,True
WADMUL,False,True,True,True,True
WATJAF,False,True,True,True,True
WAWSAR,False,True,True,True,True
WEKYAP,True,True,True,True,True
WEPMAI,True,False,False,True,True
WEPMOW,True,True,True,True,True
WEPMUC,True,True,True,True,True
WEPNAJ,True,True,True,True,True
WIHGIG,True,True,True,True,True
WIHGOM,False,False,False,True,True
WILZOJ,False,False,False,True,True
WIRMOC,False,False,False,True,True
WOSXAF,True,True,True,True,True
WOSXAF01,True,True,True,True,True
WOTHAQ,True,True,True,True,True
WUFKIT,True,False,False,True,True
WUFKOZ,False,False,False,True,True
WULLIA,True,True,True,True,True
WULLIA01,False,True,True,True,True
WULLIA02,True,True,True,True,True
WULLIA03,True,True,True,True,True
WULLIA04,False,True,True,True,True
WUMWUY,True,True,True,True,True
WUPJOI,False,True,True,True,True
WUPJOI01,False,True,True,True,True
WUPQII,True,True,True,True,True
WUTMUW,False,True,True,True,True
WUTNAD,True,True,True,True,True
WUTNEH,True,True,True,True,True
WUTNIL,True,True,True,True,True
WUTNOR,True,False,False,True,True
WUTNUX,False,True,True,True,True
XABYIM,True,True,True,True,True
XABYOS,True,True,True,True,True
XABYUY,False,True,True,True,True
XABZAF01,True,True,True,True,True
XAPGOO,False,True,True,True,True
XAPGUU,True,True,True,True,True
XAQGEB,True,True,True,True,True
XASHEH,True,True,True,True,True
XASHIL,False,True,True,True,True
XAYVUQ,False,True,True,True,True
XEBXAH,True,True,True,True,True
XEDHIZ,False,True,True,True,True
XETRIA,False,True,True,True,True
XETRIA01,False,True,True,True,True
XEXXIK,True,True,True,True,True
XEZCIR,True,True,True,True,True
XEZCOX,True,True,True,True,True
XEZCUD,True,True,True,True,True
XEZDAK,True,True,True,True,True
XEZDEO,True,True,True,True,True
XILRES,True,True,True,True,True
XIMNUF,True,True,True,True,True
XIYVAF,False,False,False,True,True
XOBNEK,False,True,True,True,True
XOCFAZ,True,True,True,True,True
XOLTEY,False,True,True,True,True
XOLTIC,True,True,True,True,True
XONGUE,True,True,True,True,True
XONHAL,True,True,True,True,True
XONHEP,True,True,True,True,True
XONVIG,True,True,True,True,True
XOPYIL,False,True,True,True,True
XOPYOR,False,True,True,True,True
XUGXEE,True,True,True,True,True
XUGXOO,True,True,True,True,True
XUQKOM,True,False,False,True,True
XUQKUS,True,True,True,True,True
XUQWEM,True,True,True,True,True
XUQWIQ,False,True,True,True,True
XURKAY,False,True,True,True,True
XURKEC,False,False,False,True,True
XURLAZ,True,True,True,True,True
XURLED,True,False,False,True,True
XURLON,True,False,False,True,True
XURLUT,True,False,False,True,True
XURMAA,True,False,False,True,True
XURMEE,True,False,False,True,True
XURMII,True,False,False,True,True
XURMUU,True,False,False,True,True
XURNAB,True,True,True,True,True
XUSVIS,True,False,False,True,True
XUVLAE,True,True,True,True,True
XUZVEU,False,False,False,True,True
YADTOQ,True,True,True,False,True
YADVIM,True,True,True,True,True
YADXOU,True,True,True,True,True
YAMBOG,True,True,True,True,True
YAMCAT,False,True,True,True,True
YAMMAB,False,True,True,True,True
YAMMUV,False,False,False,True,True
YAVCOR,False,False,False,True,True
YAVCUX,False,False,False,True,True
YEWLIY,False,True,True,True,True
YEWLOE,False,True,True,True,True
YEWLUI,False,True,True,True,True
YICMOP,False,True,True,True,True
YICVAJ,False,True,True,True,True
YICVEN,True,True,True,True,True
YICVIR,False,True,True,True,True
YISJIW,True,False,False,True,True
YISJOC,False,True,True,True,True
YISJUI,True,False,False,True,True
YIVFEP,True,True,True,True,True
YIWMAU,True,True,True,True,True
YIWMEY,True,True,True,True,True
YIYHUK,False,True,True,True,True
YIYHUK01,False,True,True,True,True
YOCFAA,True,True,True,True,True
YOFCUR,False,True,True,True,True
YOFCUR01,False,True,True,True,True
YOKMUG,False,True,True,True,True
YOKMUG01,False,True,True,True,True
YOKMUG02,False,True,True,True,True
YOKMUG03,False,True,True,True,True
YOTMIF,True,False,False,True,True
YUCFEK,True,True,True,True,True
YUJREC,False,True,True,True,True
YUJRIG,False,True,True,True,True
YUJRUS,False,True,True,True,True
YUKCIR,True,True,True,True,True
YULLEX,True,True,True,True,True
YULLIB,False,True,True,True,True
YULLOH,False,True,True,True,True
YULLUN,False,True,True,True,True
YULZAH,False,True,True,True,True
YULZEL,False,True,True,True,True
YULZIP,True,True,True,True,True
YULZOV,True,False,False,True,True
YUXPEP,True,True,True,True,True
ZABTOO,False,True,True,True,True
ZAFLOL,True,True,True,True,True
ZAGMOJ,True,True,True,True,True
ZAJMUW,True,True,True,True,True
ZATLIT,False,True,True,True,True
ZAVWEB,False,True,True,True,True
ZAWTEZ,False,True,True,True,True
ZAWTEZ01,False,True,True,True,True
ZAXWEE,True,True,True,True,True
ZAYGOZ,True,True,True,True,True
ZAYGUF,True,True,True,True,True
ZAYHAM,True,True,True,True,True
ZETQUN,False,True,True,True,True
ZIHBAW,True,True,True,True,True
ZIHBEA,True,True,True,True,True
ZIJTEU,False,True,True,True,True
ZIMFUZ,False,True,True,True,True
ZIMGEK,False,True,True,True,True
ZIRKUJ,False,False,False,True,True
ZOFTUL,True,True,True,True,True
ZOHHAH,False,True,True,True,True
ZUHWUX,False,True,True,True,True
ZUHXAE,True,True,True,True,True
ZUHXEI,True,True,True,True,True
ZUPPIL,True,True,True,True,True
ZUPPOR,False,True,True,True,True
ZUPPUX,True,True,True,True,True
ZUQNIL,True,False,False,True,True
ZUQNOR,True,True,True,True,True
ZUQNUX,True,True,True,True,True
ZUQPAF,True,True,True,True,True
ZUSBAT,True,True,True,True,True
ZUTCIC,True,True,True,True,True
ZUYHIN,False,True,True,True,True
ZUYHIN01,False,True,True,True,True
ZUYJOV,True,True,True,True,True
ZUYJOV01,True,True,True,True,True
ZUYKAI,False,True,True,True,True
ZUYKAI01,True,True,True,True,True
ZUZFUX,True,True,True,True,True
ZUZGAE,True,True,True,True,True
ZZZDKE01,False,True,True,True,True
ZZZDKE02,False,True,True,True,True
